{
  "version": "0.2",
  "words": [
    "activedescendant",
    "allowfullscreen",
    "animationend",
    "Animista",
    "apos",
    "atrule",
    "autocorrect",
    "autofix",
    "autoload",
    "autoloader",
    "autoloading",
    "autoplay",
    "bezier",
    "Bokmål",
    "boxicons",
    "CACHEABLE",
    "callout",
    "callouts",
    "cdndir",
    "chatbubble",
    "checkmark",
    "claviska",
    "Clippy",
    "codebases",
    "codepen",
    "colocated",
    "colour",
    "combobox",
    "Commonmark",
    "Composability",
    "Consolas",
    "contenteditable",
    "copydir",
    "Cotte",
    "coverpage",
    "crossorigin",
    "crutchcorn",
    "csspart",
    "cssproperty",
    "datetime",
    "describedby",
    "Docsify",
    "dogfood",
    "dropdowns",
    "easings",
    "endraw",
    "enterkeyhint",
    "eqeqeq",
    "erroneou",
    "errormessage",
    "esbuild",
    "exportmaps",
    "exportparts",
    "fieldsets",
    "formaction",
    "formdata",
    "formenctype",
    "formmethod",
    "formnovalidate",
    "formtarget",
    "FOUC",
    "FOUCE",
    "fullscreen",
    "gestern",
    "giga",
    "globby",
    "Grayscale",
    "haspopup",
    "heroicons",
    "hexa",
    "Iconoir",
    "Iframes",
    "iife",
    "inputmode",
    "ionicon",
    "ionicons",
    "jsDelivr",
    "jsfiddle",
    "keydown",
    "keyframes",
    "Kool",
    "labelledby",
    "Laravel",
    "LaViska",
    "linkify",
    "listbox",
    "listitem",
    "litelement",
    "lowercasing",
    "Lucide",
    "maxlength",
    "Menlo",
    "menuitemcheckbox",
    "menuitemradio",
    "middlewares",
    "minlength",
    "monospace",
    "mousedown",
    "mousemove",
    "mouseout",
    "mouseup",
    "multiselectable",
    "nextjs",
    "nocheck",
    "noopener",
    "noreferrer",
    "novalidate",
    "npmdir",
    "Numberish",
    "onscrollend",
    "outdir",
    "ParamagicDev",
    "peta",
    "petabit",
    "prismjs",
    "progressbar",
    "radiogroup",
    "Railsbyte",
    "remixicon",
    "reregister",
    "resizer",
    "resizers",
    "retargeted",
    "RETRYABLE",
    "rgba",
    "roadmap",
    "Roboto",
    "roledescription",
    "Sapan",
    "saturationl",
    "Schilp",
    "scrollbars",
    "scrollend",
    "scroller",
    "Segoe",
    "semibold",
    "sitedir",
    "slotchange",
    "smartquotes",
    "spacebar",
    "stylesheet",
    "Tabbable",
    "tabindex",
    "tabler",
    "tablist",
    "tabpanel",
    "templating",
    "tera",
    "testid",
    "textareas",
    "textfield",
    "tinycolor",
    "transitionend",
    "treeitem",
    "treeshaking",
    "Triaging",
    "turbolinks",
    "typeof",
    "unbundles",
    "unbundling",
    "unicons",
    "unsanitized",
    "unsupportive",
    "valpha",
    "valuenow",
    "valuetext",
    "vuejs",
    "WEBP",
    "Webpacker",
    "wordmark"
  ],
  "ignorePaths": [
    "package.json",
    "package-lock.json",
    "docs/assets/examples/include.html",
    ".vscode/**",
    "src/translations/!(en).ts",
    "**/*.min.js"
  ],
  "ignoreRegExpList": [
    "(^|[^a-z])sl[a-z]*(^|[^a-z])"
  ],
  "useGitignore": true
}
